School_ID,NAME_OF_SCHOOL,school_type,Street_Address,City,State,ZIP_Code,SAFETY_SCORE,AVERAGE_STUDENT_ATTENDANCE,Latitude,Longitude,COMMUNITY_AREA_NUMBER,COMMUNITY_AREA_NAME
610038,Abraham Lincoln Elementary School,ES,615 W Kemper Pl,Chicago,IL,60614,99,0.96,41.92449696,-87.64452163,7,Lincoln Park
610281,Adam Clayton Powell Paideia Community Academy Elementary School,ES,7511 S South Shore Dr,Chicago,IL,60649,54,0.956,41.76032435,-87.55673627,43,South Shore
610185,Adlai E Stevenson Elementary School,ES,8010 S Kostner Ave,Chicago,IL,60652,61,0.957,41.74711093,-87.73170248,70,Ashburn
609993,Agustin Lara Elementary Academy,ES,4619 S Wolcott Ave,Chicago,IL,60609,56,0.955,41.8097569,-87.6721446,61,New City
610513,Air Force Academy High School,HS,3630 S Wells St,Chicago,IL,60609,49,0.933,41.82814609,-87.63279369,34,Armour Square
610212,Albany Park Multicultural Academy,MS,4929 N Sawyer Ave,Chicago,IL,60625,66,0.97,41.9711433,-87.70962725,14,Albany Park
609720,Albert G Lane Technical High School,HS,2501 W Addison St,Chicago,IL,60618,88,0.963,41.94661693,-87.69105603,5,North Center
610342,Albert R Sabin Elementary Magnet School,ES,2216 W Hirsch St,Chicago,IL,60622,67,0.947,41.90684338,-87.68304259,24,West Town
610524,Alcott High School for the Humanities,HS,2957 N Hoyne Ave,Chicago,IL,60618,70,0.927,41.93576106,-87.68052441,5,North Center
610209,Alessandro Volta Elementary School,ES,4950 N Avers Ave,Chicago,IL,60625,43,0.964,41.97160605,-87.72464139,14,Albany Park
609799,Alexander Graham Bell Elementary School,ES,3730 N Oakley Ave,Chicago,IL,60618,99,0.963,41.94952795,-87.68605496,5,North Center
609947,Alexander Graham Elementary School,ES,4436 S Union Ave,Chicago,IL,60609,49,0.925,41.81329195,-87.64338051,61,New City
609963,Alexander Hamilton Elementary School,ES,1650 W Cornelia Ave,Chicago,IL,60657,73,0.953,41.94524725,-87.67085683,6,Lake View
610210,Alexander von Humboldt Elementary School,ES,2620 W Hirsch St,Chicago,IL,60622,31,0.925,41.90672216,-87.69300325,24,West Town
609808,Alex Haley Elementary Academy,ES,11411 S Eggleston Ave,Chicago,IL,60628,28,0.949,41.68663682,-87.63359476,49,Roseland
610028,Alfred David Kohn Elementary School,ES,10414 S State St,Chicago,IL,60628,19,0.901,41.70485072,-87.62360199,49,Roseland
610098,Alfred Nobel Elementary School,ES,4127 W Hirsch St,Chicago,IL,60651,37,0.946,41.90612797,-87.72993324,23,Humboldt Park
609788,Alice L Barnard Computer Math & Science Center Elementary School,ES,10354 S Charles St,Chicago,IL,60643,46,0.956,41.70514024,-87.65811642,72,Beverly
610334,Al Raby High School,HS,3545 W Fulton Blvd,Chicago,IL,60624,52,0.803,41.886183,-87.71539705,27,East Garfield Park
610131,Ambrose Plamondon Elementary School,ES,2642 W 15th Pl,Chicago,IL,60608,45,0.969,41.86028668,-87.69250468,29,North Lawndale
610316,Amelia Earhart Options for Knowledge Elementary School,ES,1710 E 93rd St,Chicago,IL,60617,81,0.963,41.72613498,-87.58217727,48,Calumet Heights
609780,Ames Middle School,MS,1920 N Hamlin Ave,Chicago,IL,60647,38,0.943,41.91605519,-87.72177945,22,Logan Square
610339,Amos Alonzo Stagg Elementary School,ES,7424 S Morgan St,Chicago,IL,60621,23,0.914,41.75892669,-87.6492534,68,Englewood
610320,Ana Roque de Duprey Elementary School,ES,2620 W Hirsch St,Chicago,IL,60622,57,0.954,41.90672216,-87.69300325,24,West Town
609837,Andrew Carnegie Elementary School,ES,1414 E 61st Pl,Chicago,IL,60637,48,0.946,41.78339577,-87.59079649,42,Woodlawn
610060,Andrew Jackson Elementary Language Academy,ES,1340 W Harrison St,Chicago,IL,60607,86,0.974,41.87432724,-87.66097599,28,Near West Side
609869,Anna R. Langford Community Academy,ES,6010 S Throop St,Chicago,IL,60636,31,0.918,41.78465652,-87.6572053,67,West Englewood
610084,Annie Keller Elementary Gifted Magnet School,ES,3020 W 108th St,Chicago,IL,60655,99,0.975,41.69719792,-87.6972638,74,Mount Greenwood
610229,A.N. Pritzker School,ES,2009 W Schiller St,Chicago,IL,60622,59,0.946,41.907025,-87.67779555,24,West Town
610277,Anthony Overton Elementary School,ES,221 E 49th St,Chicago,IL,60615,32,0.905,41.80557578,-87.62012252,38,Grand Boulevard
609951,Ariel Elementary Community Academy,ES,1119 E 46th St,Chicago,IL,60653,,0.955,41.81133445,-87.5985003,39,Kenwood
610161,Arna Wendell Bontemps Elementary School,ES,1241 W 58th St,Chicago,IL,60636,33,0.942,41.78857298,-87.65634499,67,West Englewood
610171,Arnold Mireles Elementary Academy,ES,9000 S Exchange Ave,Chicago,IL,60617,27,0.928,41.73168217,-87.55282373,46,South Chicago
610037,Arthur A Libby Elementary School,ES,5300 S Loomis Blvd,Chicago,IL,60609,36,0.908,41.79764784,-87.65996858,61,New City
609887,Arthur Dixon Elementary School,ES,8306 S Saint Lawrence Ave,Chicago,IL,60619,47,0.948,41.74365776,-87.61001515,44,Chatham
609836,Arthur E Canty Elementary School,ES,3740 N Panama Ave,Chicago,IL,60634,87,0.961,41.94799245,-87.8293319,17,Dunning
610268,Arthur R Ashe Elementary School,ES,8505 S Ingleside Ave,Chicago,IL,60619,,0.879,41.74015307,-87.60113659,44,Chatham
609941,Asa Philip Randolph Elementary School,ES,7316 S Hoyne Ave,Chicago,IL,60636,15,0.921,41.76059741,-87.67600175,67,West Englewood
610287,Ashburn Community Elementary School,ES,8300 S Saint Louis Ave,Chicago,IL,60652,48,0.955,41.74233179,-87.70964592,70,Ashburn
609820,Augustus H Burley Elementary School,ES,1630 W Barry Ave,Chicago,IL,60657,99,0.965,41.93796493,-87.66985204,6,Lake View
400018,Austin Business and Entrepreneurship Academy High School,HS,231 N Pine Ave,Chicago,IL,60644,38,0.76,41.88520477,-87.76321191,25,Austin
610169,Austin O Sexton Elementary School,ES,6020 S Langley Ave,Chicago,IL,60637,23,0.905,41.78517099,-87.60866927,42,Woodlawn
610501,Austin Polytechnical Academy High School,HS,231 N Pine Ave,Chicago,IL,60644,38,0.701,41.88520477,-87.76321191,25,Austin
609786,Avalon Park Elementary School,ES,8045 S Kenwood Ave,Chicago,IL,60619,32,0.921,41.74826636,-87.59161761,45,Avalon Park
609871,Barbara Vick Early Childhood & Family Center,ES,2554 W 113th St,Chicago,IL,60655,,0.609,41.68821843,-87.6856634,75,Morgan Park
609922,Belmont-Cragin Elementary School,ES,2456 N Mango Ave,Chicago,IL,60639,75,0.953,41.92559567,-87.76984337,19,Belmont Cragin
609764,Benito Juarez Community Academy High School,HS,2150 S Laflin St,Chicago,IL,60608,46,0.837,41.85267306,-87.66376931,31,Lower West Side
610265,Benjamin Banneker Elementary School,ES,6656 S Normal Blvd,Chicago,IL,60621,36,0.913,41.77275433,-87.63729464,68,Englewood
610290,Benjamin E Mays Elementary Academy,ES,838 W Marquette Rd,Chicago,IL,60621,27,0.955,41.77256081,-87.64612737,68,Englewood
610076,Bernhard Moos Elementary School,ES,1711 N California Ave,Chicago,IL,60647,50,0.93,41.9125311,-87.69690545,24,West Town
610150,Betsy Ross Elementary School,ES,6059 S Wabash Ave,Chicago,IL,60637,39,0.889,41.78383382,-87.62365383,40,Washington Park
610175,Beulah Shoesmith Elementary School,ES,1330 E 50th St,Chicago,IL,60615,45,0.947,41.80432122,-87.59392226,39,Kenwood
610087,Blair Early Childhood Center,ES,6751 W 63rd Pl,Chicago,IL,60638,,0.802,41.77652935,-87.79056836,64,Clearing
609969,Bret Harte Elementary School,ES,1556 E 56th St,Chicago,IL,60637,63,0.942,41.7934746,-87.58686328,41,Hyde Park
610106,Brian Piccolo Elementary Specialty School,ES,1040 N Keeler Ave,Chicago,IL,60651,27,0.906,41.9001461,-87.73129753,23,Humboldt Park
610317,Brighton Park Elementary School,ES,3825 S Washtenaw Ave,Chicago,IL,60632,55,0.963,41.82391375,-87.69204069,58,Brighton Park
610381,Bronzeville Scholastic Academy High School,HS,4934 S Wabash Ave,Chicago,IL,60615,41,0.923,41.80456384,-87.62448408,38,Grand Boulevard
609821,Burnham Elementary Inclusive Academy,ES,1903 E 96th St,Chicago,IL,60617,61,0.955,41.72050221,-87.57759489,51,South Deering
609827,Burnside Elementary Scholastic Academy,ES,650 E 91st Pl,Chicago,IL,60619,51,0.949,41.72850759,-87.60747108,44,Chatham
610353,Calmeca Academy of Fine Arts and Dual Language,ES,3456 W 38th St,Chicago,IL,60632,58,0.965,41.82440547,-87.71160875,58,Brighton Park
609729,Carl Schurz High School,HS,3601 N Milwaukee Ave,Chicago,IL,60641,48,0.812,41.94640794,-87.73562542,16,Irving Park
610039,Carl von Linne Elementary School,ES,3221 N Sacramento Ave,Chicago,IL,60618,68,0.958,41.94001885,-87.70259825,21,Avondale
610238,Carrie Jacobs Bond Elementary School,ES,7050 S May St,Chicago,IL,60621,54,0.917,41.76538639,-87.65305514,68,Englewood
609839,Carroll-Rosenwald Specialty Elementary School,ES,2929 W 83rd St,Chicago,IL,60652,35,0.948,41.74248931,-87.696003,70,Ashburn
610345,Carter G Woodson South Elementary School,ES,4414 S Evans,Chicago,IL,60653,26,0.919,41.81447955,-87.60845505,38,Grand Boulevard
610148,Cesar E Chavez Multicultural Academic Center Elementary School,ES,4747 S Marshfield Ave,Chicago,IL,60609,54,0.951,41.80715514,-87.66600055,61,New City
609679,Charles Allen Prosser Career Academy High School,HS,2148 N Long Ave,Chicago,IL,60639,59,0.86,41.92003613,-87.76108432,19,Belmont Cragin
610005,Charles Evans Hughes Elementary School,ES,4247 W 15th St,Chicago,IL,60623,42,0.944,41.86049033,-87.73177486,29,North Lawndale
609879,Charles Gates Dawes Elementary School,ES,3810 W 81st Pl,Chicago,IL,60652,44,0.957,41.74510467,-87.71738613,70,Ashburn
609966,Charles G Hammond Elementary School,ES,2819 W 21st Pl,Chicago,IL,60623,40,0.953,41.85269133,-87.69627777,30,South Lawndale
610366,Charles H Wacker Elementary School,ES,9746 S Morgan St,Chicago,IL,60643,32,0.934,41.7162148,-87.6480814,73,Washington Heights
610030,Charles Kozminski Elementary Community Academy,ES,936 E 54th St,Chicago,IL,60615,36,0.92,41.7980295,-87.60246287,41,Hyde Park
609996,Charles N Holden Elementary School,ES,1104 W 31st St,Chicago,IL,60608,53,0.949,41.83805473,-87.65380002,60,Bridgeport
609833,Charles P Caldwell Academy of Math & Science Elementary School,ES,8546 S Cregier,Chicago,IL,60617,25,0.927,41.73922735,-87.58076569,45,Avalon Park
609732,Charles P Steinmetz Academic Centre High School,HS,3030 N Mobile Ave,Chicago,IL,60634,26,0.792,41.93563171,-87.78355194,19,Belmont Cragin
609875,Charles R Darwin Elementary School,ES,3116 W Belden Ave,Chicago,IL,60647,58,0.956,41.92334998,-87.70543099,22,Logan Square
609986,Charles R Henderson Elementary School,ES,5650 S Wolcott Ave,Chicago,IL,60636,16,0.892,41.79061716,-87.67192466,67,West Englewood
609813,Charles S Brownell Elementary School,ES,6741 S Michigan Ave,Chicago,IL,60637,20,0.928,41.77163474,-87.62170972,69,Greater Grand Crossing
609883,Charles S Deneen Elementary School,ES,7240 S Wabash Ave,Chicago,IL,60619,55,0.938,41.76250359,-87.62338156,69,Greater Grand Crossing
610194,Charles Sumner  Math & Science Community Acad Elementary School,ES,4320 W 5th Ave,Chicago,IL,60624,41,0.939,41.87084922,-87.73355414,26,West Garfield Park
609897,Charles W Earle Elementary School,ES,6121 S Hermitage Ave,Chicago,IL,60636,24,0.938,41.78230211,-87.66777712,67,West Englewood
610248,Chicago Academy Elementary School,ES,3400 N Austin Ave,Chicago,IL,60634,66,0.963,41.94215439,-87.77650575,17,Dunning
610340,Chicago Academy High School,HS,3400 N Austin Ave,Chicago,IL,60634,58,0.931,41.94215439,-87.77650575,17,Dunning
609753,Chicago High School for Agricultural Sciences,HS,3857 W 111th St,Chicago,IL,60655,87,0.928,41.69119388,-87.71773863,74,Mount Greenwood
609754,Chicago Military Academy High School,HS,3519 S Giles Ave,Chicago,IL,60653,32,0.903,41.83053768,-87.61917837,35,Douglas
609674,Chicago Vocational Career Academy High School,HS,2100 E 87th St,Chicago,IL,60617,27,0.688,41.73720173,-87.57324389,45,Avalon Park
609899,Christian Ebinger Elementary School,ES,7350 W Pratt Ave,Chicago,IL,60631,78,0.959,42.00443557,-87.81116435,9,Edison Park
609705,Christian Fenger Academy High School,HS,11220 S Wallace St,Chicago,IL,60628,36,0.744,41.68993885,-87.63760833,49,Roseland
609863,Christopher Columbus Elementary School,ES,1003 N Leavitt St,Chicago,IL,60622,66,0.955,41.89958139,-87.68190167,24,West Town
609790,Clara Barton Elementary School,ES,7650 S Wolcott Ave,Chicago,IL,60620,25,0.917,41.75421962,-87.67096453,71,Auburn Gresham
610347,Claremont Academy Elementary School,ES,2300 W 64th St,Chicago,IL,60636,36,0.925,41.77753754,-87.68108634,66,Chicago Lawn
610499,Collins Academy High School,HS,1313 S Sacramento Dr,Chicago,IL,60623,60,0.914,41.86416169,-87.70200761,29,North Lawndale
610170,Columbia Explorers Elementary Academy,ES,4520 S Kedzie Ave,Chicago,IL,60632,59,0.954,41.81105689,-87.70423481,58,Brighton Park
610004,Countee Cullen Elementary School,ES,10650 S Eberhart Ave,Chicago,IL,60628,14,0.941,41.70036107,-87.61128176,49,Roseland
609781,Crispus Attucks Elementary School,ES,5055 S State St,Chicago,IL,60609,45,0.952,41.80214349,-87.6257474,38,Grand Boulevard
609873,Crown Community Academy of Fine Arts Center Elementary School,ES,2128 S Saint Louis Ave,Chicago,IL,60623,27,0.925,41.85266155,-87.7125068,29,North Lawndale
610063,Cyrus H McCormick Elementary School,ES,2712 S Sawyer Ave,Chicago,IL,60623,,0.959,41.84224508,-87.706336,30,South Lawndale
609804,Daniel Boone Elementary School,ES,6710 N Washtenaw Ave,Chicago,IL,60645,52,0.955,42.00343519,-87.69750011,2,West Ridge
610083,Daniel C Beard Elementary School,ES,6445 W Strong St,Chicago,IL,60656,,0.919,41.97009738,-87.78963691,10,Norwood Park
610380,Daniel Hale Williams Prep School of Medicine,HS,4934 S Wabash Ave,Chicago,IL,60615,50,0.913,41.80456384,-87.62448408,38,Grand Boulevard
609870,Daniel J Corkery Elementary School,ES,2510 S Kildare Ave,Chicago,IL,60623,39,0.947,41.84559878,-87.73122946,30,South Lawndale
609835,Daniel R Cameron Elementary School,ES,1234 N Monticello Ave,Chicago,IL,60651,42,0.926,41.90378521,-87.71796315,23,Humboldt Park
610223,Daniel S Wentworth Elementary School,ES,6950 S Sangamon St,Chicago,IL,60621,30,0.916,41.76728177,-87.64825544,68,Englewood
610221,Daniel Webster Elementary School,ES,4055 W Arthington St,Chicago,IL,60624,48,0.948,41.86988904,-87.72748159,26,West Garfield Park
609704,David G Farragut Career Academy High School,HS,2345 S Christiana Ave,Chicago,IL,60623,43,0.861,41.8485793,-87.70866954,30,South Lawndale
610402,DeVry University Advantage Academy High School,HS,3300 N Campbell,Chicago,IL,60618,,0.967,41.94142629,-87.6907993,5,North Center
609885,Dewey Elementary Academy of Fine Arts,ES,5415 S Union Ave,Chicago,IL,60609,41,0.907,41.7956493,-87.642615,61,New City
609859,DeWitt Clinton Elementary School,ES,6110 N Fairfield Ave,Chicago,IL,60659,47,0.953,41.99256421,-87.69839748,2,West Ridge
610515,Disney II Magnet School,ES,3815 N Kedvale Ave,Chicago,IL,60641,,0.973,41.95048055,-87.73060545,16,Irving Park
610077,Donald Morrill Math & Science Elementary School,ES,6011 S Rockwell St,Chicago,IL,60629,28,0.934,41.78428993,-87.68851192,66,Chicago Lawn
610198,Douglas Taylor Elementary School,ES,9912 S Avenue H,Chicago,IL,60617,34,0.951,41.71544589,-87.5330074,52,East Side
610533,Dr Jorge Prieto Math and Science,ES,2231 N Central Ave,Chicago,IL,60639,,0.947,41.92131717,-87.7657438,19,Belmont Cragin
609751,Dr  Martin Luther King  Jr  College Prep High School,HS,4445 S Drexel Blvd,Chicago,IL,60653,,0.929,41.81369471,-87.60383761,39,Kenwood
610266,Dumas Technology Academy,ES,6650 S Ellis Ave,Chicago,IL,60637,19,0.925,41.77350389,-87.60105531,42,Woodlawn
610188,Dunne Technology Academy,ES,10845 S Union Ave,Chicago,IL,60628,46,0.946,41.69651565,-87.63993763,49,Roseland
610352,Durkin Park Elementary School,ES,8445 S Kolin Ave,Chicago,IL,60652,61,0.954,41.73886352,-87.72991927,70,Ashburn
610254,Dvorak Technology Academy,ES,3615 W 16th St,Chicago,IL,60623,46,0.942,41.85885599,-87.71574626,29,North Lawndale
609736,Dyett High School,HS,555 E 51st St,Chicago,IL,60615,27,0.625,41.80204982,-87.61192836,40,Washington Park
610132,Edgar Allan Poe Elementary Classical School,ES,10538 S Langley Ave,Chicago,IL,60628,99,0.976,41.70261965,-87.60645552,50,Pullman
609901,Edgebrook Elementary School,ES,6525 N Hiawatha Ave,Chicago,IL,60646,99,0.969,41.99946016,-87.7618211,12,Forest Glen
610523,Edison Park Elementary School,ES,6220 N Olcott Ave,Chicago,IL,60631,95,0.961,41.99422812,-87.81380814,10,Norwood Park
609819,Edmond Burke Elementary School,ES,5356 S King Dr,Chicago,IL,60615,1,0.893,41.79679285,-87.61617809,40,Washington Park
609815,Edward A Bouchet Math & Science Academy Elementary School,ES,7355 S Jeffery Blvd,Chicago,IL,60649,33,0.929,41.76086093,-87.57603849,43,South Shore
610246,Edward Beasley Elementary Magnet Academic Center,ES,5255 S State St,Chicago,IL,60609,47,0.95,41.79847228,-87.62565509,40,Washington Park
609881,Edward C Delano Elementary School,ES,3937 W Wilcox St,Chicago,IL,60624,38,0.934,41.87877166,-87.72464875,26,West Garfield Park
609862,Edward Coles Elementary Language Academy,ES,8441 S Yates Blvd,Chicago,IL,60617,22,0.951,41.74142687,-87.56593332,46,South Chicago
609909,Edward Everett Elementary School,ES,3419 S Bell Ave,Chicago,IL,60608,,0.953,41.83154196,-87.68127322,59,Mckinley Park
610012,Edward Jenner Elementary Academy of the Arts,ES,1119 N Cleveland Ave,Chicago,IL,60610,50,0.889,41.90205805,-87.64101894,8,Near North Side
609904,Edward K Ellington Elementary School,ES,243 N Parkside Ave,Chicago,IL,60644,30,0.933,41.885506,-87.76655157,25,Austin
610006,Edward N Hurley Elementary School,ES,3849 W 69th Pl,Chicago,IL,60629,77,0.954,41.7667583,-87.71950804,65,West Lawn
609735,Edward Tilden Career Community Academy High School,HS,4747 S Union Ave,Chicago,IL,60609,34,0.784,41.80751207,-87.64292985,61,New City
610315,Edward White Elementary Career Academy,ES,1136 W 122nd St,Chicago,IL,60643,27,0.938,41.67233661,-87.65055321,53,West Pullman
609708,Edwin G Foreman High School,HS,3235 N LeClaire Ave,Chicago,IL,60641,26,0.843,41.93981043,-87.7541302,15,Portage Park
609913,Elaine O Goodlow Elementary Magnet School,ES,2040 W 62nd St,Chicago,IL,60636,44,0.916,41.78125258,-87.67555599,67,West Englewood
610233,Elihu Yale Elementary School,ES,7025 S Princeton Ave,Chicago,IL,60621,29,0.897,41.76644232,-87.63209571,69,Greater Grand Crossing
610227,Eli Whitney Elementary School,ES,2815 S Komensky Ave,Chicago,IL,60623,44,0.958,41.84006197,-87.7255084,30,South Lawndale
610195,Elizabeth H Sutherland Elementary School,ES,10015 S Leavitt St,Chicago,IL,60643,86,0.956,41.71142687,-87.67678398,72,Beverly
610119,Elizabeth Peabody Elementary School,ES,1444 W Augusta Blvd,Chicago,IL,60622,51,0.952,41.89986912,-87.66419014,24,West Town
609852,Eliza Chappell Elementary School,ES,2135 W Foster Ave,Chicago,IL,60625,70,0.951,41.975867,-87.68325438,4,Lincoln Square
610235,Ella Flagg Young Elementary School,ES,1434 N Parkside Ave,Chicago,IL,60651,31,0.943,41.90678358,-87.76717934,25,Austin
609682,Ellen H Richards Career Academy High School,HS,5009 S Laflin St,Chicago,IL,60609,30,0.906,41.80285552,-87.66224052,61,New City
610073,Ellen Mitchell Elementary School,ES,2233 W Ohio St,Chicago,IL,60612,99,0.955,41.89205482,-87.68317867,24,West Town
609712,Emil G Hirsch Metropolitan High School,HS,7740 S Ingleside Ave,Chicago,IL,60619,13,0.848,41.7537612,-87.60176452,69,Greater Grand Crossing
609973,Emiliano Zapata Elementary Academy,ES,2728 S Kostner Ave,Chicago,IL,60623,60,0.966,41.84139181,-87.73434997,30,South Lawndale
610065,Emmett Louis Till Math and Science Academy,ES,6543 S Champlain Ave,Chicago,IL,60637,31,0.88,41.77544062,-87.60932095,42,Woodlawn
609916,Enrico Fermi Elementary School,ES,1415 E 70th St,Chicago,IL,60637,30,0.899,41.76772772,-87.59039017,43,South Shore
610203,Enrico Tonti Elementary School,ES,5815 S Homan Ave,Chicago,IL,60629,,0.958,41.78750499,-87.70814201,63,Gage Park
610543,Eric Solorio Academy High School,HS,5400 S St Louis Ave,Chicago,IL,60632,67,0.922,41.79518118,-87.71109447,63,Gage Park
610137,Ernst Prussing Elementary School,ES,4650 N Menard Ave,Chicago,IL,60630,71,0.954,41.96561054,-87.77245066,15,Portage Park
609908,Esmond Elementary School,ES,1865 W Montvale,Chicago,IL,60643,36,0.929,41.68939069,-87.66916143,75,Morgan Park
609918,Eugene Field Elementary School,ES,7019 N Ashland Ave,Chicago,IL,60626,42,0.968,42.00966462,-87.66994862,1,Rogers Park
609874,Everett McKinley Dirksen Elementary School,ES,8601 W Foster Ave,Chicago,IL,60656,44,0.959,41.97368728,-87.84105162,76,Ohare
610319,Evergreen Academy Middle School,MS,3537 S Paulina St,Chicago,IL,60609,60,0.961,41.829365,-87.66778007,59,Mckinley Park
610057,Fairfield Elementary Academy,ES,6201 S Fairfield Ave,Chicago,IL,60629,31,0.934,41.78086789,-87.69207758,66,Chicago Lawn
610541,Federico Garcia Lorca Elementary School,ES,3231 N Springfield Ave,Chicago,IL,60618,53,0.968,41.94001885,-87.72474354,21,Avondale
610308,Wilma Rudolph Elementary Learning Center,ES,110 N Paulina St,Chicago,IL,60612,,0.8,41.88357478,-87.66951363,28,Near West Side
610120,Ferdinand Peck Elementary School,ES,3826 W 58th St,Chicago,IL,60629,51,0.963,41.78792632,-87.71922211,62,West Elsdon
609917,Fernwood Elementary School,ES,10041 S Union Ave,Chicago,IL,60628,29,0.934,41.71119799,-87.6403774,73,Washington Heights
610258,Florence B Price Elementary School,ES,4351 S Drexel Blvd,Chicago,IL,60653,20,0.9,41.81534262,-87.6038735,39,Kenwood
610096,Florence Nightingale Elementary School,ES,5250 S Rockwell St,Chicago,IL,60632,35,0.956,41.79774019,-87.68917624,63,Gage Park
609924,Fort Dearborn Elementary School,ES,9025 S Throop St,Chicago,IL,60620,34,0.934,41.72966698,-87.65544435,73,Washington Heights
609927,Foster Park Elementary School,ES,8530 S Wood St,Chicago,IL,60620,11,0.937,41.7384262,-87.66813597,71,Auburn Gresham
610215,Francisco I Madero Middle School,MS,3202 W 28th St,Chicago,IL,60623,49,0.951,41.84098398,-87.70508585,30,South Lawndale
610067,Francis M McKay Elementary School,ES,6901 S Fairfield Ave,Chicago,IL,60629,23,0.935,41.76810662,-87.69174944,66,Chicago Lawn
610114,Francis Parkman Elementary School,ES,245 W 51st St,Chicago,IL,60609,38,0.906,41.80169919,-87.63297392,37,Fuller Park
610020,Francis Scott Key Elementary School,ES,517 N Parkside Ave,Chicago,IL,60644,37,0.919,41.88983589,-87.76633519,25,Austin
610112,Francis W Parker Elementary Community Academy,ES,6800 S Stewart Ave,Chicago,IL,60621,30,0.919,41.77079606,-87.6353099,68,Englewood
609800,Frank I Bennett Elementary School,ES,10115 S Prairie Ave,Chicago,IL,60628,46,0.925,41.71041656,-87.61735342,49,Roseland
609939,Frank L Gillespie Elementary School,ES,9301 S State St,Chicago,IL,60619,27,0.919,41.72529635,-87.62368165,49,Roseland
609926,Franklin Elementary Fine Arts Center,ES,225 W Evergreen Ave,Chicago,IL,60610,87,0.959,41.90657253,-87.6355136,8,Near North Side
609958,Frank W Gunsaulus Elementary Scholastic Academy,ES,4420 S Sacramento Ave,Chicago,IL,60632,46,0.966,41.81299531,-87.69940042,58,Brighton Park
610144,Frank W Reilly Elementary School,ES,3650 W School St,Chicago,IL,60618,48,0.97,41.94112155,-87.71953058,21,Avondale
610165,Franz Peter Schubert Elementary School,ES,2727 N Long Ave,Chicago,IL,60639,,0.958,41.93038593,-87.76115305,19,Belmont Cragin
610503,Frazier Prospective IB Magnet Elementary School,ES,4027 W Grenshaw St,Chicago,IL,60624,60,0.968,41.86695871,-87.72631742,29,North Lawndale
609854,Frederic Chopin Elementary School,ES,2450 W Rice St,Chicago,IL,60622,86,0.969,41.89674048,-87.68890154,24,West Town
610245,Frederick A Douglass Academy High School,HS,543 N Waller Ave,Chicago,IL,60644,44,0.792,41.89037849,-87.76763207,25,Austin
609930,Frederick Funston Elementary School,ES,2010 N Central Park,Chicago,IL,60647,16,0.947,41.91762127,-87.71692852,22,Logan Square
610163,Frederick Stock Elementary School,ES,7507 W Birchwood Ave,Chicago,IL,60631,,0.724,42.0168639,-87.81420664,9,Edison Park
610010,Friedrich Ludwig Jahn Elementary School,ES,3149 N Wolcott Ave,Chicago,IL,60657,72,0.947,41.93924404,-87.67577282,5,North Center
609737,Friedrich W von Steuben Metropolitan Science High School,HS,5039 N Kimball Ave,Chicago,IL,60625,70,0.87,41.9731926,-87.71334969,13,North Park
609709,Gage Park High School,HS,5630 S Rockwell St,Chicago,IL,60629,14,0.725,41.79101352,-87.68899064,63,Gage Park
610009,Galileo Math & Science Scholastic Academy Elementary School,ES,820 S Carpenter St,Chicago,IL,60607,65,0.95,41.87124634,-87.65340205,28,Near West Side
610072,Garrett A Morgan Elementary School,ES,8407 S Kerfoot Ave,Chicago,IL,60620,28,0.92,41.74124549,-87.64007166,71,Auburn Gresham
610293,Genevieve Melody Elementary School,ES,412 S Keeler Ave,Chicago,IL,60624,61,0.921,41.87474954,-87.73051772,26,West Garfield Park
609779,George Armstrong International Studies Elementary School,ES,2110 W Greenleaf Ave,Chicago,IL,60645,59,0.963,42.01017628,-87.68446868,2,West Ridge
610062,George B McClellan Elementary School,ES,3527 S Wallace St,Chicago,IL,60609,49,0.932,41.82998962,-87.64106579,60,Bridgeport
610196,George B Swift Elementary Specialty School,ES,5900 N Winthrop Ave,Chicago,IL,60660,61,0.963,41.98915734,-87.65833342,77,Edgewater
609849,George F Cassell Elementary School,ES,11314 S Spaulding Ave,Chicago,IL,60655,76,0.944,41.68733881,-87.70325179,74,Mount Greenwood
609761,George H Corliss High School,HS,821 E 103rd St,Chicago,IL,60628,33,0.713,41.70739096,-87.60307842,50,Pullman
610305,George Leland Elementary School,ES,5221 W Congress Pkwy,Chicago,IL,60644,,0.926,41.87382439,-87.75571809,25,Austin
610048,George Manierre Elementary School,ES,1420 N Hudson Ave,Chicago,IL,60610,43,0.91,41.90825367,-87.63986347,8,Near North Side
610139,George M Pullman Elementary School,ES,11311 S Forrestville Ave,Chicago,IL,60628,59,0.935,41.68879566,-87.60939383,50,Pullman
609795,George Rogers Clark Elementary School,ES,1045 S Monitor Ave,Chicago,IL,60644,39,0.939,41.8678323,-87.77038158,25,Austin
609760,George Washington Carver Military Academy High School,HS,13100 S Doty Ave,Chicago,IL,60627,53,0.916,41.65627709,-87.5906566,54,Riverdale
609845,George Washington Carver Primary School,ES,901 E 133rd Pl,Chicago,IL,60827,25,0.909,41.65367428,-87.59952683,54,Riverdale
610219,George Washington Elementary School,ES,3611 E 114th St,Chicago,IL,60617,58,0.955,41.68810403,-87.53600985,52,East Side
609739,George Washington High School,HS,3535 E 114th St,Chicago,IL,60617,46,0.802,41.6881094,-87.5375501,52,East Side
609900,George W Curtis Elementary School,ES,32 E 115th St,Chicago,IL,60628,23,0.938,41.68544575,-87.62166148,49,Roseland
609693,George Westinghouse High School,HS,3223 W Franklin Blvd,Chicago,IL,60624,74,0.936,41.88994963,-87.70734353,23,Humboldt Park
610202,George W Tilton Elementary School,ES,223 N Keeler Ave,Chicago,IL,60624,6,0.914,41.88409703,-87.73052949,26,West Garfield Park
609920,Gerald Delgado Kanoon Elementary Magnet School,ES,2233 S Kedzie Ave,Chicago,IL,60623,44,0.959,41.85077575,-87.70507547,30,South Lawndale
610187,Graeme Stewart Elementary School,ES,4525 N Kenmore Ave,Chicago,IL,60640,49,0.952,41.96434608,-87.65605252,3,Uptown
610285,Granville T Woods Math & Science Academy Elementary School,ES,6206 S Racine Ave,Chicago,IL,60636,35,0.919,41.7811649,-87.65468845,67,West Englewood
610383,Greater Lawndale High School For Social Justice,HS,3120 S Kostner Ave,Chicago,IL,60623,43,0.875,41.83601953,-87.73419465,30,South Lawndale
609857,Grover Cleveland Elementary School,ES,3121 W Byron St,Chicago,IL,60618,64,0.95,41.9520147,-87.70642927,16,Irving Park
610241,Guglielmo Marconi Elementary Community Academy,ES,230 N Kolmar Ave,Chicago,IL,60624,26,0.915,41.88431659,-87.73936153,26,West Garfield Park
609741,Gurdon S Hubbard High School,HS,6200 S Hamlin Ave,Chicago,IL,60629,42,0.893,41.78050763,-87.71804991,65,West Lawn
609726,Gwendolyn Brooks College Preparatory Academy High School,HS,250 E 111th St,Chicago,IL,60628,64,0.871,41.69278956,-87.61638144,49,Roseland
610182,Hannah G Solomon Elementary School,ES,6206 N Hamlin Ave,Chicago,IL,60659,78,0.958,41.99397007,-87.72407991,13,North Park
610068,Hanson Park Elementary School,ES,5411 W Fullerton Ave,Chicago,IL,60639,35,0.95,41.92392771,-87.76152094,19,Belmont Cragin
610124,Harold Washington Elementary School,ES,9130 S University Ave,Chicago,IL,60619,28,0.961,41.72853492,-87.59629327,47,Burnside
610192,Harriet Beecher Stowe Elementary School,ES,3444 W Wabansia Ave,Chicago,IL,60647,28,0.938,41.91196584,-87.7132855,23,Humboldt Park
610158,Harriet E Sayre Elementary Language Academy,ES,1850 N Newland Ave,Chicago,IL,60707,68,0.962,41.9141236,-87.79875667,25,Austin
609974,Hawthorne Elementary Scholastic Academy,ES,3319 N Clifton Ave,Chicago,IL,60657,92,0.969,41.94228994,-87.65767253,6,Lake View
609985,Helen M Hefferan Elementary School,ES,4409 W Wilcox St,Chicago,IL,60624,29,0.938,41.87863685,-87.73583687,26,West Garfield Park
610122,Helen Peirce International Studies Elementary School,ES,1423 W Bryn Mawr Ave,Chicago,IL,60660,58,0.967,41.98342819,-87.66586537,77,Edgewater
609972,Helge A Haugan Elementary School,ES,4540 N Hamlin Ave,Chicago,IL,60625,43,0.962,41.96403525,-87.72316496,14,Albany Park
609856,Henry Clay Elementary School,ES,13231 S Burley Ave,Chicago,IL,60633,38,0.952,41.65455937,-87.544577,55,Hegewisch
610040,Henry D Lloyd Elementary School,ES,2103 N Lamon Ave,Chicago,IL,60639,,0.962,41.91883022,-87.74847861,19,Belmont Cragin
610092,Henry H Nash Elementary School,ES,4837 W Erie St,Chicago,IL,60644,41,0.951,41.89214724,-87.74720292,25,Austin
610279,Henry O Tanner Elementary School,ES,7350 S Evans Ave,Chicago,IL,60619,33,0.918,41.76069854,-87.60682834,69,Greater Grand Crossing
609861,Henry R Clissold Elementary School,ES,2350 W 110th Pl,Chicago,IL,60643,45,0.951,41.69305404,-87.6808619,75,Morgan Park
610297,High School of Leadership at South Shore,HS,7627 S Constance Ave,Chicago,IL,60649,,0.72,41.75619362,-87.57960727,43,South Shore
609798,Hiram H Belding Elementary School,ES,4257 N Tripp Ave,Chicago,IL,60641,64,0.95,41.95890499,-87.73398223,16,Irving Park
609768,Hope College Preparatory High School,HS,5515 S Lowe Ave,Chicago,IL,60621,31,0.722,41.79355292,-87.64134488,68,Englewood
609850,Horace Greeley Elementary School,ES,832 W Sheridan Rd,Chicago,IL,60613,65,0.959,41.95283701,-87.65097549,6,Lake View
610052,Horace Mann Elementary School,ES,8050 S Chappel Ave,Chicago,IL,60617,28,0.926,41.74830012,-87.57485274,46,South Chicago
610058,Horatio May Elementary Community Academy,ES,512 S Lavergne Ave,Chicago,IL,60644,42,0.919,41.87358321,-87.74931216,25,Austin
609713,Hyde Park Academy High School,HS,6220 S Stony Island Ave,Chicago,IL,60637,29,0.705,41.78223539,-87.58665115,42,Woodlawn
610390,Hyman G Rickover Naval Academy High School,HS,5900 N Glenwood Ave,Chicago,IL,60660,64,0.929,41.98905063,-87.66526222,77,Edgewater
610110,Ida B Wells Preparatory Elementary Academy,ES,244 E Pershing Rd,Chicago,IL,60653,49,0.932,41.82390751,-87.61978794,35,Douglas
610273,Ignance Paderewski Elementary Learning Academy,ES,2221 S Lawndale Ave,Chicago,IL,60623,31,0.921,41.85094816,-87.71726618,30,South Lawndale
610384,Infinity Math Science and Technology High School,HS,3120 S Kostner Ave,Chicago,IL,60623,58,0.922,41.83601953,-87.73419465,30,South Lawndale
610078,Inter-American Elementary Magnet School,ES,851 W Waveland Ave,Chicago,IL,60613,67,0.962,41.94897646,-87.65153745,6,Lake View
609848,Ira F Aldridge Elementary School,ES,630 E 131st St,Chicago,IL,60827,39,0.929,41.65743243,-87.60649623,54,Riverdale
610532,Irene C. Hernandez Middle School for the Advancement of Science,MS,3510 W 55th St,Chicago,IL,60632,34,0.955,41.79350627,-87.71139803,63,Gage Park
610125,Irma C Ruiz Elementary School,ES,2410 S Leavitt St,Chicago,IL,60608,57,0.955,41.84809742,-87.68078114,31,Lower West Side
610276,Irvin C Mollison Elementary School,ES,4415 S Dr Martin L King Jr Dr,Chicago,IL,60653,44,0.911,41.81434006,-87.61658079,38,Grand Boulevard
610103,Isabelle C O'Keeffe Elementary School,ES,6940 S Merrill Ave,Chicago,IL,60649,17,0.921,41.76861557,-87.57284299,43,South Shore
610256,Jackie Robinson Elementary School,ES,4225 S Lake Park Ave,Chicago,IL,60653,,0.905,41.81735839,-87.59903174,36,Oakland
609797,Jacob Beidler Elementary School,ES,3151 W Walnut St,Chicago,IL,60612,63,0.954,41.88529401,-87.70581859,27,East Garfield Park
609766,Jacqueline B Vaughn Occupational High School,HS,4355 N Linder Ave,Chicago,IL,60641,57,0.876,41.96035141,-87.76462602,15,Portage Park
609912,James B Farnsworth Elementary School,ES,5414 N Linder Ave,Chicago,IL,60630,55,0.942,41.9798092,-87.76610809,11,Jefferson Park
610070,James B McPherson Elementary School,ES,4728 N Wolcott Ave,Chicago,IL,60640,71,0.965,41.96784758,-87.67632505,4,Lincoln Square
610066,James E McDade Elementary Classical School,ES,8801 S Indiana Ave,Chicago,IL,60619,99,0.962,41.73451387,-87.61917677,44,Chatham
609803,James G Blaine Elementary School,ES,1420 W Grace St,Chicago,IL,60613,99,0.964,41.95080812,-87.66495825,6,Lake View
609983,James Hedges Elementary School,ES,4747 S Winchester Ave,Chicago,IL,60609,22,0.954,41.80713406,-87.67329121,61,New City
610047,James Madison Elementary School,ES,7433 S Dorchester Ave,Chicago,IL,60619,39,0.949,41.75955224,-87.59067582,43,South Shore
610074,James Monroe Elementary School,ES,3651 W Schubert Ave,Chicago,IL,60647,45,0.951,41.92996135,-87.71921246,22,Logan Square
610200,James N Thorp Elementary School,ES,8914 S Buffalo Ave,Chicago,IL,60617,32,0.918,41.73331035,-87.54451462,46,South Chicago
610107,James Otis Elementary School,ES,525 N Armour St,Chicago,IL,60622,83,0.955,41.89179703,-87.66538928,24,West Town
609891,James R Doolittle Jr Elementary School,ES,535 E 35th St,Chicago,IL,60616,30,0.914,41.8310921,-87.61291629,35,Douglas
610044,James Russell Lowell Elementary School,ES,3320 W Hirsch St,Chicago,IL,60651,39,0.932,41.90654684,-87.71023279,23,Humboldt Park
610174,James Shields Elementary School,ES,4250 S Rockwell St,Chicago,IL,60632,38,0.97,41.81593528,-87.68968453,58,Brighton Park
610213,James Wadsworth Elementary School,ES,6420 S University Ave,Chicago,IL,60637,,0.922,41.77812652,-87.59815597,42,Woodlawn
610217,James Ward Elementary School,ES,2701 S Shields Ave,Chicago,IL,60616,49,0.978,41.84395162,-87.63531815,34,Armour Square
610274,James Weldon Johnson Elementary School,ES,1420 S Albany Ave,Chicago,IL,60623,67,0.947,41.86183983,-87.7031756,29,North Lawndale
609772,Jane Addams Elementary School,ES,10810 S Avenue H,Chicago,IL,60617,56,0.96,41.69871497,-87.53301251,52,East Side
610093,Jane A Neil Elementary School,ES,8555 S Michigan Ave,Chicago,IL,60619,42,0.889,41.7384386,-87.62089767,44,Chatham
609796,Jean Baptiste Beaubien Elementary School,ES,5025 N Laramie Ave,Chicago,IL,60630,63,0.957,41.97237914,-87.75752776,11,Jefferson Park
610031,Jean D Lafayette Elementary School,ES,2714 W Augusta Blvd,Chicago,IL,60622,44,0.941,41.89940402,-87.69494543,24,West Town
610271,Jensen Elementary Scholastic Academy,ES,3030 W Harrison St,Chicago,IL,60612,35,0.931,41.87384239,-87.70224149,27,East Garfield Park
609932,Jesse Owens Elementary Community Academy,ES,12450 S State St,Chicago,IL,60628,,0.913,41.66737294,-87.62242272,53,West Pullman
610173,Jesse Sherwood Elementary School,ES,245 W 57th St,Chicago,IL,60621,38,0.92,41.7907728,-87.6322812,68,Englewood
609942,Johann W von Goethe Elementary School,ES,2236 N Rockwell St,Chicago,IL,60647,75,0.958,41.9228282,-87.69293637,22,Logan Square
610216,John A Walsh Elementary School,ES,2015 S Peoria St,Chicago,IL,60608,60,0.951,41.85484214,-87.64804964,31,Lower West Side
609789,John Barry Elementary School,ES,2828 N Kilbourn Ave,Chicago,IL,60641,35,0.951,41.93251118,-87.73942514,20,Hermosa
609894,John B Drake Elementary School,ES,2722 S King Dr,Chicago,IL,60616,59,0.938,41.84379445,-87.61776768,35,Douglas
610089,John B Murphy Elementary School,ES,3539 W Grace St,Chicago,IL,60618,80,0.956,41.95005034,-87.71682949,16,Irving Park
610243,John Calhoun North Elementary School,ES,2833 W Adams St,Chicago,IL,60612,52,0.959,41.87822115,-87.69755292,27,East Garfield Park
609829,John C Burroughs Elementary School,ES,3542 S Washtenaw Ave,Chicago,IL,60632,50,0.956,41.8288631,-87.69249318,58,Brighton Park
609866,John C Coonley Elementary School,ES,4046 N Leavitt St,Chicago,IL,60618,87,0.959,41.95554905,-87.68380195,5,North Center
609893,John C Dore Elementary School,ES,6108 S Natoma Ave,Chicago,IL,60638,74,0.956,41.78092716,-87.78764009,64,Clearing
609959,John Charles Haines Elementary School,ES,247 W 23rd Pl,Chicago,IL,60616,32,0.984,41.84993116,-87.63378596,34,Armour Square
610176,John D Shoop Math-Science Technical Academy Elementary School,ES,11140 S Bishop St,Chicago,IL,60643,32,0.932,41.69093337,-87.65870614,75,Morgan Park
609898,John F Eberhart Elementary School,ES,3400 W 65th Pl,Chicago,IL,60629,42,0.953,41.7744471,-87.70800189,66,Chicago Lawn
609919,John Fiske Elementary School,ES,6145 S Ingleside Ave,Chicago,IL,60637,13,0.929,41.78290934,-87.60259685,42,Woodlawn
609718,John F Kennedy High School,HS,6325 W 56th St,Chicago,IL,60638,53,0.83,41.79042796,-87.78037224,56,Garfield Ridge
610263,John Foster Dulles Elementary School,ES,6311 S Calumet Ave,Chicago,IL,60637,42,0.941,41.779797,-87.61717494,69,Greater Grand Crossing
610228,John Greenleaf Whittier Elementary School,ES,1900 W 23rd St,Chicago,IL,60608,65,0.949,41.85050786,-87.67342126,31,Lower West Side
609694,John Hancock College Preparatory High School,HS,4034 W 56th St,Chicago,IL,60629,51,0.782,41.79149114,-87.72449161,62,West Elsdon
609971,John Harvard Elementary School of Excellence,ES,7525 S Harvard,Chicago,IL,60620,51,0.93,41.75733472,-87.63270008,69,Greater Grand Crossing
609975,John Hay Elementary Community Academy,ES,1018 N Laramie Ave,Chicago,IL,60651,44,0.929,41.89918473,-87.75585034,25,Austin
609964,John H Hamline Elementary School,ES,4747 S Bishop St,Chicago,IL,60609,33,0.944,41.80726347,-87.66113856,61,New City
610026,John H Kinzie Elementary School,ES,5625 S Mobile Ave,Chicago,IL,60638,64,0.954,41.78970398,-87.7791043,56,Garfield Ridge
610207,John H Vanderpoel Elementary Magnet School,ES,9510 S Prospect Ave,Chicago,IL,60643,74,0.972,41.72078152,-87.66558526,72,Beverly
609782,John J Audubon Elementary School,ES,3500 N Hoyne Ave,Chicago,IL,60618,95,0.962,41.94509808,-87.68107885,5,North Center
610126,John J Pershing Elementary Humanities Magnet,ES,3113 S Rhodes Ave,Chicago,IL,60616,,0.955,41.83803465,-87.61334083,35,Douglas
610054,John L Marsh Elementary School,ES,9822 S Exchange Ave,Chicago,IL,60617,72,0.957,41.71657908,-87.55251993,51,South Deering
609723,John Marshall Metropolitan High School,HS,3250 W Adams St,Chicago,IL,60624,51,0.741,41.87847194,-87.70801612,27,East Garfield Park
609710,John M Harlan Community Academy High School,HS,9652 S Michigan Ave,Chicago,IL,60628,,0.812,41.71840075,-87.62066069,49,Roseland
609954,John Milton Gregory Elementary School,ES,3715 W Polk St,Chicago,IL,60624,44,0.952,41.87071468,-87.71867323,27,East Garfield Park
610180,John M Smyth Elementary School,ES,1059 W 13th St,Chicago,IL,60608,37,0.924,41.86532347,-87.65347031,28,Near West Side
610199,Johnnie Colemon Elementary Academy,ES,1441 W 119th St,Chicago,IL,60643,60,0.959,41.67747786,-87.65812011,53,West Pullman
610111,John Palmer Elementary School,ES,5051 N Kenneth Ave,Chicago,IL,60630,75,0.963,41.97326374,-87.73917547,14,Albany Park
609775,John P Altgeld Elementary School,ES,1340 W 71st St,Chicago,IL,60636,48,0.919,41.76510322,-87.6582125,67,West Englewood
610184,John Spry Elementary Community School,ES,2400 S Marshall Blvd,Chicago,IL,60623,66,0.962,41.84815451,-87.69912725,30,South Lawndale
610269,John T McCutcheon Elementary School,ES,4865 N Sheridan Rd,Chicago,IL,60640,56,0.94,41.97095968,-87.65472193,3,Uptown
610130,John T Pirie Fine Arts & Academic Center Elementary School,ES,650 E 85th St,Chicago,IL,60619,26,0.935,41.74036711,-87.60792289,44,Chatham
609864,John W Cook Elementary School,ES,8150 S Bishop St,Chicago,IL,60620,,0.94,41.74526284,-87.6598119,71,Auburn Gresham
609937,John W Garvy Elementary School,ES,5225 N Oak Park Ave,Chicago,IL,60656,60,0.953,41.97635262,-87.79619832,10,Norwood Park
610225,John Whistler Elementary School,ES,11533 S Ada St,Chicago,IL,60643,45,0.924,41.68391137,-87.65534733,53,West Pullman
609828,Jonathan Burr Elementary School,ES,1621 W Wabansia Ave,Chicago,IL,60622,71,0.959,41.91233061,-87.66864691,24,West Town
610159,Jonathan Y Scammon Elementary School,ES,4201 W Henderson St,Chicago,IL,60641,44,0.959,41.94164944,-87.73222901,16,Irving Park
609865,Jordan Elementary Community School,ES,7414 N Wolcott Ave,Chicago,IL,60626,61,0.956,42.01709536,-87.67779928,1,Rogers Park
610313,Jose De Diego Elementary Community Academy,ES,1313 N Claremont Ave,Chicago,IL,60622,57,0.95,41.90531549,-87.68572005,24,West Town
609950,Josefa Ortiz De Dominguez Elementary School,ES,3000 S Lawndale Ave,Chicago,IL,60623,,0.958,41.83875333,-87.71722614,30,South Lawndale
610242,Joseph Brennemann Elementary School,ES,4251 N Clarendon Ave,Chicago,IL,60613,50,0.965,41.95997841,-87.64971223,3,Uptown
609938,Joseph E Gary Elementary School,ES,3740 W 31st St,Chicago,IL,60623,32,0.961,41.83709246,-87.71870452,30,South Lawndale
610041,Josephine C Locke Elementary School,ES,2828 N Oak Park Ave,Chicago,IL,60634,57,0.955,41.93176301,-87.79564085,18,Montclare
610015,Joseph Jungman Elementary School,ES,1746 S Miller St,Chicago,IL,60608,36,0.964,41.85810053,-87.65233933,31,Lower West Side
609925,Joseph Kellman Corporate Community Elementary School,ES,751 S Sacramento Blvd,Chicago,IL,60612,58,0.952,41.87119309,-87.70078311,27,East Garfield Park
610043,Joseph Lovett Elementary School,ES,6333 W Bloomingdale Ave,Chicago,IL,60639,43,0.954,41.91269042,-87.78393402,25,Austin
610189,Joseph Stockton Elementary School,ES,4420 N Beacon St,Chicago,IL,60640,37,0.949,41.9623189,-87.66388983,3,Uptown
610218,Joseph Warren Elementary School,ES,9239 S Jeffery Ave,Chicago,IL,60617,33,0.95,41.72677474,-87.5753162,48,Calumet Heights
610019,Joshua D Kershaw Elementary School,ES,6450 S Lowe Ave,Chicago,IL,60621,62,0.948,41.77647883,-87.64092929,68,Englewood
610129,Josiah Pickard Elementary School,ES,2301 W 21st Pl,Chicago,IL,60608,50,0.958,41.85287295,-87.6833397,31,Lower West Side
610022,Joyce Kilmer Elementary School,ES,6700 N Greenview Ave,Chicago,IL,60626,,0.96,42.00367622,-87.66826026,1,Rogers Park
610253,Julia C Lathrop Elementary School,ES,1440 S Christiana Ave,Chicago,IL,60623,67,0.905,41.86119482,-87.7093241,29,North Lawndale
610000,Julia Ward Howe Elementary School of Excellence,ES,720 N Lorel Ave,Chicago,IL,60644,67,0.96,41.89362521,-87.75943557,25,Austin
610280,Kate S Buckingham Special Education Center,ES,9207 S Phillips Ave,Chicago,IL,60617,31,0.834,41.72782129,-87.56439326,48,Calumet Heights
610016,Kate S Kellogg Elementary School,ES,9241 S Leavitt St,Chicago,IL,60620,76,0.963,41.72525315,-87.67719555,72,Beverly
609716,Kelvyn Park High School,HS,4343 W Wrightwood Ave,Chicago,IL,60639,32,0.744,41.92789092,-87.73600171,20,Hermosa
609746,Kenwood Academy High School,HS,5015 S Blackstone Ave,Chicago,IL,60615,63,0.884,41.80375479,-87.59038395,39,Kenwood
609719,Lake View High School,HS,4015 N Ashland Ave,Chicago,IL,60613,64,0.877,41.95478361,-87.66891643,6,Lake View
610368,Langston Hughes Elementary School,ES,240 W 104th St,Chicago,IL,60628,28,0.9,41.70536999,-87.62985093,49,Roseland
610033,LaSalle Elementary Language Academy,ES,1734 N Orleans St,Chicago,IL,60614,99,0.968,41.9138823,-87.63760107,7,Lincoln Park
610520,LaSalle II Magnet Elementary School,ES,1148 N Honore St,Chicago,IL,60622,66,0.951,41.90290876,-87.67373263,24,West Town
609910,Laughlin Falconer Elementary School,ES,3020 N Lamon Ave,Chicago,IL,60641,54,0.961,41.93577597,-87.74936705,19,Belmont Cragin
610133,Laura S Ward Elementary School,ES,410 N Monticello Ave,Chicago,IL,60624,,0.929,41.88845002,-87.71752405,23,Humboldt Park
610034,Lawndale Elementary Community Academy,ES,3500 W Douglas Blvd,Chicago,IL,60623,,0.91,41.86298683,-87.71300615,29,North Lawndale
610024,Lazaro Cardenas Elementary School,ES,2345 S Millard Ave,Chicago,IL,60623,,0.963,41.8485071,-87.71598119,30,South Lawndale
609907,Leif Ericson Elementary Scholastic Academy,ES,3600 W 5th Ave,Chicago,IL,60624,33,0.947,41.87576191,-87.71584573,27,East Garfield Park
610298,Lenart Elementary Regional Gifted Center,ES,8101 S LaSalle St,Chicago,IL,60620,79,0.974,41.74715024,-87.62800231,44,Chatham
610036,Leslie Lewis Elementary School,ES,1431 N Leamington Ave,Chicago,IL,60651,21,0.918,41.90682528,-87.75451319,25,Austin
609738,Lincoln Park High School,HS,2001 N Orchard St,Chicago,IL,60614,65,0.846,41.91830362,-87.64597389,7,Lincoln Park
609807,Lionel Hampton Fine & Performing Arts Elementary School,ES,3434 W 77th St,Chicago,IL,60652,42,0.95,41.75348432,-87.70875287,70,Ashburn
609834,Little Village Elementary School,ES,2620 S Lawndale Ave,Chicago,IL,60623,45,0.967,41.84368588,-87.71735516,30,South Lawndale
610325,Logandale Middle School,MS,3212 W George St,Chicago,IL,60618,56,0.951,41.9339976,-87.70804359,21,Avondale
609809,Lorenz Brentano Math & Science Academy Elementary School,ES,2723 N Fairfield Ave,Chicago,IL,60647,57,0.947,41.93097047,-87.69625758,22,Logan Square
609773,Louis A Agassiz Elementary School,ES,2851 N Seminary Ave,Chicago,IL,60657,53,0.952,41.93412004,-87.65619167,6,Lake View
609774,Louisa May Alcott Elementary School,ES,2625 N Orchard St,Chicago,IL,60614,,0.966,41.92984626,-87.64633949,7,Lincoln Park
610156,Louis Armstrong Math & Science Elementary School,ES,5345 W Congress Pkwy,Chicago,IL,60644,42,0.926,41.87378243,-87.75920297,25,Austin
610094,Louis Nettelhorst Elementary School,ES,3252 N Broadway St,Chicago,IL,60657,58,0.955,41.94162999,-87.64459776,6,Lake View
610117,Louis Pasteur Elementary School,ES,5825 S Kostner Ave,Chicago,IL,60629,50,0.95,41.78688968,-87.73262962,62,West Elsdon
610237,Ludwig Van Beethoven Elementary School,ES,25 W 47th St,Chicago,IL,60609,40,0.937,41.80910779,-87.62711401,38,Grand Boulevard
610108,Luke O'Toole Elementary School,ES,6550 S Seeley Ave,Chicago,IL,60636,5,0.892,41.77418952,-87.67513395,67,West Englewood
609818,Luther Burbank Elementary School,ES,2035 N Mobile Ave,Chicago,IL,60639,37,0.952,41.91759334,-87.78266267,19,Belmont Cragin
609817,Lyman A Budlong Elementary School,ES,2701 W Foster Ave,Chicago,IL,60625,59,0.954,41.97572652,-87.69660443,4,Lincoln Square
610205,Lyman Trumbull Elementary School,ES,5200 N Ashland Ave,Chicago,IL,60640,56,0.943,41.97621644,-87.6697616,77,Edgewater
610369,Mahalia Jackson Elementary School,ES,917 W 88th St,Chicago,IL,60620,38,0.925,41.73409818,-87.64675679,71,Auburn Gresham
610197,Mancel Talcott Elementary School,ES,1840 W Ohio St,Chicago,IL,60622,63,0.958,41.89243235,-87.67370499,24,West Town
609722,Manley Career Academy High School,HS,2935 W Polk St,Chicago,IL,60612,41,0.668,41.87091163,-87.69988652,27,East Garfield Park
609872,Manuel Perez Elementary School,ES,1241 W 19th St,Chicago,IL,60608,45,0.959,41.85600113,-87.6579887,31,Lower West Side
610128,Marcus Moziah Garvey Elementary School,ES,10309 S Morgan St,Chicago,IL,60643,50,0.94,41.7065956,-87.64754034,73,Washington Heights
610544,Mariano Azuela Elementary School,ES,4707 W Marquette Rd,Chicago,IL,60629,54,0.955,41.77105158,-87.73992325,65,West Lawn
610017,Maria Saucedo Elementary Scholastic Academy,ES,2850 W 24th Blvd,Chicago,IL,60623,60,0.968,41.84796859,-87.69728712,30,South Lawndale
609756,Marie Sklodowska Curie Metropolitan High School,HS,4959 S Archer Ave,Chicago,IL,60632,43,0.85,41.80304615,-87.72200673,57,Archer Heights
610502,Marine Military Math and Science Academy,HS,145 S Campbell Ave,Chicago,IL,60612,41,0.913,41.87885054,-87.68865058,28,Near West Side
610081,Mark Sheridan Elementary Math & Science Academy,ES,533 W 27th St,Chicago,IL,60616,74,0.968,41.84437293,-87.64131399,60,Bridgeport
610177,Mark Skinner Elementary School,ES,1260 W Adams St,Chicago,IL,60607,87,0.971,41.87913069,-87.65937102,28,Near West Side
610206,Mark Twain Elementary School,ES,5134 S Lotus Ave,Chicago,IL,60638,67,0.963,41.79905206,-87.75896524,56,Garfield Ridge
610053,Marquette Elementary School,ES,6550 S Richmond St,Chicago,IL,60629,15,0.931,41.77390682,-87.6970673,66,Chicago Lawn
610152,Martha Ruggles Elementary School,ES,7831 S Prairie Ave,Chicago,IL,60619,43,0.939,41.75194729,-87.61802983,69,Greater Grand Crossing
610154,Martin A Ryerson Elementary School,ES,646 N Lawndale Ave,Chicago,IL,60624,40,0.955,41.89321142,-87.71883334,23,Humboldt Park
610539,Marvin Camras Elementary School,ES,3000 N Mango Ave,Chicago,IL,60634,54,0.951,41.93496641,-87.77016525,19,Belmont Cragin
610355,Mary E Courtenay Elementary Language Arts Center,ES,1726 W Berteau Ave,Chicago,IL,60613,99,0.949,41.9580169,-87.6718933,6,Lake View
610312,Mary E McDowell Elementary School,ES,1419 E 89th St,Chicago,IL,60619,,0.955,41.7331047,-87.58960096,48,Calumet Heights
610127,Mary Gage Peterson Elementary School,ES,5510 N Christiana Ave,Chicago,IL,60625,62,0.955,41.98158041,-87.71261988,13,North Park
610046,Mary Lyon Elementary School,ES,2941 N McVicker Ave,Chicago,IL,60634,55,0.959,41.93417898,-87.77713699,19,Belmont Cragin
609888,Mary Mapes Dodge Elementary Renaissance Academy,ES,2651 W Washington Blvd,Chicago,IL,60612,57,0.944,41.88282068,-87.6930162,27,East Garfield Park
610365,Mary McLeod Bethune Elementary School,ES,3030 W Arthington St,Chicago,IL,60612,53,0.933,41.87019518,-87.70216173,27,East Garfield Park
610535,Mason High School,HS,4217 W 18th St,Chicago,IL,60623,50,0.904,41.85685194,-87.73049117,29,North Lawndale
610240,Matthew A Henson Elementary School,ES,1326 S Avers Ave,Chicago,IL,60623,37,0.909,41.86356038,-87.72158636,29,North Lawndale
609935,Matthew Gallistel Elementary Language Academy,ES,10347 S Ewing Ave,Chicago,IL,60617,49,0.951,41.70682232,-87.53513861,52,East Side
610362,Medgar Evers Elementary School,ES,9811 S Lowe Ave,Chicago,IL,60628,27,0.949,41.7156643,-87.63926881,73,Washington Heights
609928,Melville W Fuller Elementary School,ES,4214 S Saint Lawrence Ave,Chicago,IL,60653,22,0.918,41.8180061,-87.61182077,38,Grand Boulevard
610055,Michael Faraday Elementary School,ES,3250 W Monroe St,Chicago,IL,60624,35,0.933,41.87974117,-87.70808199,27,East Garfield Park
609832,Michael M Byrne Elementary School,ES,5329 S Oak Park Ave,Chicago,IL,60638,63,0.946,41.79503029,-87.79150778,56,Garfield Ridge
610244,Michele Clark Academic Prep Magnet High School,HS,5101 W Harrison St,Chicago,IL,60644,,0.791,41.87285714,-87.75335467,25,Austin
610208,Mildred I Lavizzo Elementary School,ES,138 W 109th St,Chicago,IL,60628,15,0.915,41.69628998,-87.62713349,49,Roseland
609830,Milton Brunson Math & Science Specialty Elementary School,ES,932 N Central Ave,Chicago,IL,60651,30,0.913,41.89767761,-87.76564297,25,Austin
610011,Minnie Mars Jamieson Elementary School,ES,5650 N Mozart St,Chicago,IL,60659,64,0.957,41.98461372,-87.70056525,2,West Ridge
610018,Miriam G Canter Middle School,MS,4959 S Blackstone Ave,Chicago,IL,60615,57,0.914,41.80434474,-87.59039494,39,Kenwood
609725,Morgan Park High School,HS,1744 W Pryor Ave,Chicago,IL,60643,40,0.842,41.69206041,-87.66564309,75,Morgan Park
610257,Morton School of Excellence,ES,431 N Troy St,Chicago,IL,60612,53,0.936,41.88928666,-87.7049885,23,Humboldt Park
610075,Moses Montefiore Special Elementary School,ES,1310 S Ashland Ave,Chicago,IL,60608,28,0.804,41.86471954,-87.66648084,28,Near West Side
610082,Mount Greenwood Elementary School,ES,10841 S Homan Ave,Chicago,IL,60655,84,0.96,41.69574845,-87.70577383,74,Mount Greenwood
610086,Mount Vernon Elementary School,ES,10540 S Morgan St,Chicago,IL,60643,31,0.933,41.70196704,-87.64768959,73,Washington Heights
610385,Multicultural Academy of Scholarship,HS,3120 S Kostner Ave,Chicago,IL,60623,48,0.892,41.83601953,-87.73419465,30,South Lawndale
609806,Myra Bradwell Communications Arts & Sciences Elementary School,ES,7736 S Burnham Ave,Chicago,IL,60649,31,0.921,41.7543734,-87.55717881,43,South Shore
609952,Nathanael Greene Elementary School,ES,3525 S Honore,Chicago,IL,60609,,0.955,41.82966356,-87.67145551,59,Mckinley Park
609960,Nathan Hale Elementary School,ES,6140 S Melvina,Chicago,IL,60638,55,0.945,41.78020486,-87.77661589,64,Clearing
610134,Nathaniel Pope Elementary School,ES,1852 S Albany Ave,Chicago,IL,60623,48,0.916,41.85570712,-87.70299144,29,North Lawndale
610348,Nathan R Goldblatt Elementary School,ES,4257 W Adams St,Chicago,IL,60624,49,0.929,41.87778081,-87.73273021,26,West Garfield Park
609876,Nathan S Davis Elementary School,ES,3014 W 39th Pl,Chicago,IL,60632,43,0.951,41.8218786,-87.70022859,58,Brighton Park
610231,National Teachers Elementary Academy,ES,55 W Cermak Rd,Chicago,IL,60616,67,0.947,41.85277255,-87.62928114,33,Near South Side
609692,Neal F Simeon Career Academy High School,HS,8147 S Vincennes Ave,Chicago,IL,60620,52,0.786,41.74579217,-87.63537,44,Chatham
610085,Near North Elementary School,ES,739 N Ada St,Chicago,IL,60642,50,0.802,41.89551132,-87.66123981,24,West Town
610284,New Field Elementary School,ES,1707 W Morse Ave,Chicago,IL,60626,,0.962,42.00767533,-87.67315753,1,Rogers Park
610323,New Millennium High School of Health at Bowen,HS,2710 E 89th St,Chicago,IL,60617,17,0.756,41.73376107,-87.55775263,46,South Chicago
609792,Newton Bateman Elementary School,ES,4220 N Richmond St,Chicago,IL,60618,55,0.962,41.95823045,-87.70218806,16,Irving Park
609730,Nicholas Senn High School,HS,5900 N Glenwood Ave,Chicago,IL,60660,48,0.817,41.98905063,-87.66526222,77,Edgewater
609793,Nicholson Technology Academy,ES,6006 S Peoria St,Chicago,IL,60621,48,0.934,41.7849277,-87.64748868,68,Englewood
609961,Ninos Heroes Elementary Academic Center,ES,8344 S Commercial Ave,Chicago,IL,60617,36,0.939,41.74374969,-87.55189813,46,South Chicago
609810,Norman A Bridge Elementary School,ES,3800 N New England Ave,Chicago,IL,60634,67,0.956,41.94915063,-87.79870722,17,Dunning
609691,North-Grand High School,HS,4338 W Wabansia Ave,Chicago,IL,60639,42,0.886,41.91170094,-87.73525151,23,Humboldt Park
610354,North River Elementary School,ES,4416 N Troy St,Chicago,IL,60625,67,0.956,41.96173669,-87.70718808,14,Albany Park
609749,Northside College Preparatory High School,HS,5501 N Kedzie Ave,Chicago,IL,60625,99,0.957,41.98135196,-87.70867192,13,North Park
609762,Percy L Julian High School,HS,10330 S Elizabeth St,Chicago,IL,60643,28,0.746,41.70585971,-87.65378585,73,Washington Heights
609744,Northside Learning Center High School,HS,3730 W Bryn Mawr Ave,Chicago,IL,60659,99,0.898,41.98299994,-87.72238881,13,North Park
610051,Northwest Middle School,MS,5252 W Palmer St,Chicago,IL,60639,34,0.934,41.92053845,-87.75820003,19,Belmont Cragin
610099,Norwood Park Elementary School,ES,5900 N Nina Ave,Chicago,IL,60631,99,0.955,41.98818136,-87.80299207,10,Norwood Park
610529,Ogden International High School,HS,1250 W Erie St,Chicago,IL,60622,56,0.942,41.8935757,-87.65936676,24,West Town
610201,Ole A Thorp Elementary Scholastic Academy,ES,6024 W Warwick Ave,Chicago,IL,60634,70,0.964,41.94859865,-87.77764028,17,Dunning
610300,Oliver S Westcott Elementary School,ES,409 W 80th St,Chicago,IL,60620,30,0.926,41.74884018,-87.63478949,44,Chatham
609997,Oliver Wendell Holmes Elementary School,ES,955 W Garfield Blvd,Chicago,IL,60621,21,0.87,41.79376044,-87.64977785,68,Englewood
610105,Oriole Park Elementary School,ES,5424 N Oketo Ave,Chicago,IL,60656,99,0.965,41.97851501,-87.81209057,10,Norwood Park
610329,Orozco Fine Arts & Sciences Elementary School,ES,1940 W 18th St,Chicago,IL,60608,55,0.976,41.85778248,-87.67519253,31,Lower West Side
610389,Orr Academy High School,HS,730 N Pulaski Rd,Chicago,IL,60624,,0.663,41.89444828,-87.72620305,23,Humboldt Park
609811,Orville T Bright Elementary School,ES,10740 S Calhoun Ave,Chicago,IL,60617,18,0.922,41.69973969,-87.56212104,51,South Deering
610367,Oscar DePriest Elementary School,ES,139 S Parkside Ave,Chicago,IL,60644,35,0.927,41.87799914,-87.7662615,25,Austin
610059,Oscar F Mayer Elementary School,ES,2250 N Clifton Ave,Chicago,IL,60614,67,0.95,41.92317657,-87.65732331,7,Lincoln Park
610021,Pablo Casals Elementary School,ES,3501 W Potomac Ave,Chicago,IL,60651,,0.92,41.90447488,-87.71427105,23,Humboldt Park
610115,Park Manor Elementary School,ES,7037 S Rhodes Ave,Chicago,IL,60637,28,0.949,41.76648584,-87.61150917,69,Greater Grand Crossing
610116,Parkside Elementary Community Academy,ES,6938 S East End Ave,Chicago,IL,60649,,0.898,41.76856599,-87.58299131,43,South Shore
609988,Patrick Henry Elementary School,ES,4250 N Saint Louis Ave,Chicago,IL,60618,45,0.951,41.95896179,-87.71566829,16,Irving Park
610003,Paul Cuffe Math-Science Technology Academy Elementary School,ES,8324 S Racine Ave,Chicago,IL,60620,51,0.936,41.74244489,-87.65366994,71,Auburn Gresham
609676,Paul Laurence Dunbar Career Academy High School,HS,3000 S King Dr,Chicago,IL,60616,29,0.769,41.84018775,-87.61767315,35,Douglas
610146,Paul Revere Elementary School,ES,1010 E 72nd St,Chicago,IL,60619,36,0.924,41.76422335,-87.60017165,69,Greater Grand Crossing
609707,Paul Robeson High School,HS,6835 S Normal Blvd,Chicago,IL,60621,29,0.735,41.76973341,-87.63711641,68,Englewood
609791,Perkins Bass Elementary School,ES,1140 W 66th St,Chicago,IL,60621,28,0.921,41.77427377,-87.65354234,68,Englewood
610395,Pershing West Middle School,MS,3200 S Calumet Ave,Chicago,IL,60616,46,0.962,41.83649005,-87.61837372,35,Douglas
610145,Peter A Reinberg Elementary School,ES,3425 N Major Ave,Chicago,IL,60634,60,0.958,41.94300407,-87.76894541,15,Portage Park
609867,Peter Cooper Elementary Dual Language Academy,ES,1624 W 19th St,Chicago,IL,60608,,0.962,41.85605839,-87.66724753,31,Lower West Side
610147,Philip Rogers Elementary School,ES,7345 N Washtenaw Ave,Chicago,IL,60645,81,0.964,42.01526618,-87.69714858,2,West Ridge
609777,Phillip D Armour Elementary School,ES,950 W 33rd Pl,Chicago,IL,60608,36,0.939,41.8338821,-87.65061898,60,Bridgeport
610090,Phillip Murray Elementary Language Academy,ES,5335 S Kenwood Ave,Chicago,IL,60615,66,0.956,41.79852501,-87.59330352,41,Hyde Park
609981,Phobe Apperson Hearst Elementary School,ES,4640 S Lamon Ave,Chicago,IL,60638,33,0.921,41.80818821,-87.74576315,56,Garfield Ridge
610304,Phoenix Military Academy High School,HS,145 S Campbell Ave,Chicago,IL,60612,53,0.921,41.87885054,-87.68865058,28,Near West Side
610013,Pilsen Elementary Community Academy,ES,1420 W 17th St,Chicago,IL,60608,43,0.96,41.85887606,-87.6622254,31,Lower West Side
610135,Portage Park Elementary School,ES,5330 W Berteau Ave,Chicago,IL,60641,62,0.942,41.9570151,-87.76100593,15,Portage Park
610138,Pulaski International Academy Elmentary School,ES,2230 W McLean Ave,Chicago,IL,60647,68,0.961,41.91851374,-87.68380061,22,Logan Square
609842,Rachel Carson Elementary School,ES,5516 S Maplewood Ave,Chicago,IL,60629,38,0.976,41.79325514,-87.68783576,63,Gage Park
609902,Ralph H Metcalfe Elementary Community Academy,ES,12339 S Normal Ave,Chicago,IL,60628,,0.949,41.6694559,-87.63426928,53,West Pullman
610141,Ravenswood Elementary School,ES,4332 N Paulina St,Chicago,IL,60613,46,0.949,41.96074129,-87.67095905,6,Lake View
609769,Ray Graham Training Center High School,HS,2347 S Wabash Ave,Chicago,IL,60616,90,0.863,41.84969736,-87.6252787,33,Near South Side
609903,Richard Edwards Elementary School,ES,4815 S Karlov Ave,Chicago,IL,60632,48,0.953,41.80552325,-87.72581893,57,Archer Heights
610291,Richard Henry Lee Elementary School,ES,6448 S Tripp Ave,Chicago,IL,60629,59,0.95,41.77532831,-87.72892174,65,West Lawn
610239,Richard J Daley Elementary Academy,ES,5024 S Wolcott Ave,Chicago,IL,60609,29,0.949,41.80234381,-87.67224309,61,New City
610102,Richard J Oglesby Elementary School,ES,7646 S Green St,Chicago,IL,60620,44,0.944,41.75469091,-87.64550666,71,Auburn Gresham
609702,Richard T Crane Technical Preparatory High School,HS,2245 W Jackson Blvd,Chicago,IL,60612,43,0.579,41.87747384,-87.68324922,28,Near West Side
610234,Richard Yates Elementary School,ES,1839 N Richmond St,Chicago,IL,60647,42,0.937,41.91502858,-87.70024324,22,Logan Square
609695,Roald Amundsen High School,HS,5110 N Damen Ave,Chicago,IL,60625,51,0.811,41.97507922,-87.67952139,4,Lincoln Square
610350,Robert A Black Magnet Elementary School,ES,9101 S Euclid Ave,Chicago,IL,60619,68,0.96,41.72965645,-87.57660534,48,Calumet Heights
609906,Robert Emmet Elementary School,ES,5500 W Madison St,Chicago,IL,60644,37,0.898,41.88037642,-87.76327497,25,Austin
609929,Robert Fulton Elementary School,ES,5300 S Hermitage Ave,Chicago,IL,60609,46,0.951,41.79754288,-87.66847093,61,New City
609979,Robert Healy Elementary School,ES,3010 S Parnell Ave,Chicago,IL,60616,63,0.966,41.83957045,-87.64037683,60,Bridgeport
610045,Robert H Lawrence Elementary School,ES,9928 S Crandon Ave,Chicago,IL,60617,19,0.907,41.71440176,-87.56716721,51,South Deering
609956,Robert L Grimes Elementary School,ES,5450 W 64th Pl,Chicago,IL,60638,79,0.952,41.77549238,-87.75876919,64,Clearing
610391,Robert Lindblom Math & Science Academy High School,HS,6130 S Wolcott Ave,Chicago,IL,60636,66,0.927,41.7820428,-87.67169858,67,West Englewood
610252,Robert Nathaniel Dett Elementary School,ES,2306 W Maypole Ave,Chicago,IL,60612,48,0.944,41.88401623,-87.68472465,28,Near West Side
609759,Roberto Clemente Community Academy High School,HS,1147 N Western Ave,Chicago,IL,60622,44,0.696,41.90262318,-87.68686934,24,West Town
610029,Rodolfo Lozano Bilingual & International Center Elementary School,ES,1501 N Greenview Ave,Chicago,IL,60622,55,0.948,41.90891372,-87.66505758,24,West Town
609733,Roger C Sullivan High School,HS,6631 N Bosworth Ave,Chicago,IL,60626,30,0.816,42.00268694,-87.66915533,1,Rogers Park
610091,Ronald Brown Elementary Community Academy,ES,12607 S Union Ave,Chicago,IL,60628,31,0.938,41.66484509,-87.63892027,53,West Pullman
610282,Ronald E McNair Elementary School,ES,4820 W Walton St,Chicago,IL,60651,31,0.907,41.8978464,-87.74674645,25,Austin
609826,Rosario Castellanos Elementary School,ES,2524 S Central Park Ave,Chicago,IL,60623,36,0.963,41.84544296,-87.71496352,30,South Lawndale
610056,Roswell B Mason Elementary School,ES,4217 W 18th St,Chicago,IL,60623,37,0.924,41.85685194,-87.73049117,29,North Lawndale
610027,Rudyard Kipling Elementary School,ES,9351 S Lowe Ave,Chicago,IL,60620,52,0.947,41.72365391,-87.63948475,73,Washington Heights
610250,Rueben Salazar Elementary Bilingual Center,ES,160 W Wendell St,Chicago,IL,60610,64,0.951,41.90144445,-87.63373912,8,Near North Side
609995,Rufus M Hitch Elementary School,ES,5625 N McVicker Ave,Chicago,IL,60646,64,0.951,41.98367756,-87.77908614,10,Norwood Park
609853,Salmon P Chase Elementary School,ES,2021 N Point St,Chicago,IL,60647,55,0.954,41.91801539,-87.69454144,22,Logan Square
609943,Samuel Gompers Fine Arts Options Elementary School,ES,12302 S State St,Chicago,IL,60628,34,0.936,41.67058298,-87.62258098,53,West Pullman
610155,Sauganash Elementary School,ES,6040 N Kilpatrick Ave,Chicago,IL,60646,99,0.963,41.99117332,-87.74599137,12,Forest Glen
609805,Scott Joplin Elementary School,ES,7931 S Honore St,Chicago,IL,60620,35,0.95,41.74934082,-87.66932903,71,Auburn Gresham
609968,Sharon Christa McAuliffe Elementary School,ES,1841 N Springfield Ave,Chicago,IL,60647,,0.939,41.91480732,-87.72389409,20,Hermosa
610157,Sidney Sawyer Elementary School,ES,5248 S Sawyer Ave,Chicago,IL,60632,57,0.968,41.79752155,-87.70504311,63,Gage Park
610283,Simon Guggenheim Elementary School,ES,7141 S Morgan St,Chicago,IL,60621,30,0.909,41.76391032,-87.64908807,68,Englewood
610521,Sir Miles Davis Magnet Elementary Academy,ES,6730 S Paulina St,Chicago,IL,60636,35,0.93,41.77122181,-87.66656657,67,West Englewood
610534,Skinner North,ES,640 W Scott St,Chicago,IL,60610,,0.964,41.9051367,-87.64483441,8,Near North Side
610226,Socorro Sandoval Elementary School,ES,5534 S Saint Louis Ave,Chicago,IL,60629,,0.958,41.79235177,-87.71102417,63,Gage Park
610160,Songhai Elementary Learning Institute,ES,11725 S Perry Ave,Chicago,IL,60628,17,0.895,41.68086831,-87.62505762,53,West Pullman
609990,South Loop Elementary School,ES,1212 S Plymouth Ct,Chicago,IL,60605,84,0.953,41.86685634,-87.62865124,33,Near South Side
610530,South Shore Fine Arts Academy,ES,1415 E 70th St,Chicago,IL,60637,,0.936,41.76772772,-87.59039017,43,South Shore
609745,Southside Occupational Academy High School,HS,7342 S Hoyne Ave,Chicago,IL,60636,,0.855,41.75986813,-87.6759838,67,West Englewood
610183,Spencer Technology Academy,ES,214 N Lavergne Ave,Chicago,IL,60644,35,0.925,41.88488257,-87.75048169,25,Austin
610357,Spry Community Links High School,HS,2400 S Marshall Blvd,Chicago,IL,60623,70,0.956,41.84815451,-87.69912725,30,South Lawndale
609880,Stephen Decatur Classical Elementary School,ES,7030 N Sacramento Ave,Chicago,IL,60645,99,0.962,42.00930696,-87.70465502,2,West Ridge
609933,Stephen F Gale Elementary Community Academy,ES,1631 W Jonquil Ter,Chicago,IL,60626,39,0.921,42.02106425,-87.67196481,1,Rogers Park
609976,Stephen K Hayt Elementary School,ES,1518 W Granville Ave,Chicago,IL,60660,72,0.956,41.99456814,-87.6685227,77,Edgewater
609724,Stephen T Mather High School,HS,5835 N Lincoln Ave,Chicago,IL,60659,58,0.876,41.9875954,-87.70244871,2,West Ridge
610191,Stone Elementary Scholastic Academy,ES,6239 N Leavitt St,Chicago,IL,60659,78,0.964,41.99536777,-87.68475636,2,West Ridge
610405,Suder Montessori Magnet Elementary School,ES,2022 W Washington Blvd,Chicago,IL,60612,,0.966,41.88324176,-87.67764871,28,Near West Side
610249,Talman Elementary School,ES,5450 S Talman Ave,Chicago,IL,60632,99,0.962,41.79407382,-87.6902983,63,Gage Park
610396,Tarkington School of Excellence Elementary School,ES,3330 W 71st St,Chicago,IL,60629,48,0.959,41.76443483,-87.70642093,66,Chicago Lawn
610506,TEAM Englewood Community Academy High School,HS,6201 S Stewart Ave,Chicago,IL,60621,45,0.873,41.7814927,-87.63494163,68,Englewood
609921,Telpochcalli Elementary School,ES,2832 W 24th Blvd,Chicago,IL,60623,42,0.954,41.84797834,-87.6966316,30,South Lawndale
609991,Theodore Herzl Elementary School,ES,3711 W Douglas Blvd,Chicago,IL,60623,41,0.908,41.86225473,-87.71825927,29,North Lawndale
609728,Theodore Roosevelt High School,HS,3436 W Wilson Ave,Chicago,IL,60625,42,0.823,41.96485522,-87.71483051,14,Albany Park
610178,Theophilus Schmid Elementary School,ES,9755 S Greenwood Ave,Chicago,IL,60628,46,0.921,41.71701772,-87.59689622,50,Pullman
609794,Thomas A Edison Regional Gifted Center Elementary School,ES,4929 N Sawyer Ave,Chicago,IL,60625,91,0.966,41.9711433,-87.70962725,14,Albany Park
609987,Thomas A Hendricks Elementary Community Academy,ES,4316 S Princeton Ave,Chicago,IL,60609,33,0.912,41.81579314,-87.63370133,37,Fuller Park
609851,Thomas Chalmers Specialty Elementary School,ES,2745 W Roosevelt Rd,Chicago,IL,60608,34,0.944,41.8664078,-87.69526079,29,North Lawndale
609896,Thomas Drummond Elementary School,ES,1845 W Cortland St,Chicago,IL,60622,72,0.952,41.91588634,-87.67449563,22,Logan Square
610002,Thomas Hoyne Elementary School,ES,8905 S Crandon Ave,Chicago,IL,60617,67,0.948,41.73330693,-87.5681905,48,Calumet Heights
610295,Thomas J Higgins Elementary Community Academy,ES,11710 S Morgan St,Chicago,IL,60643,,0.952,41.68100687,-87.64702985,53,West Pullman
610220,Thomas J Waters Elementary School,ES,4540 N Campbell Ave,Chicago,IL,60625,85,0.961,41.96434835,-87.69136881,4,Lincoln Square
609715,Thomas Kelly High School,HS,4136 S California Ave,Chicago,IL,60632,36,0.893,41.81871101,-87.69467483,58,Brighton Park
610321,Thurgood Marshall Middle School,MS,3900 N Lawndale Ave,Chicago,IL,60618,39,0.94,41.9520236,-87.72035833,16,Irving Park
609895,Turner-Drew Elementary Language Academy,ES,9300 S Princeton Ave,Chicago,IL,60620,56,0.958,41.72560849,-87.6302048,49,Roseland
610394,Uplift Community High School,HS,900 W Wilson Ave,Chicago,IL,60640,50,0.887,41.96557412,-87.65252191,3,Uptown
610504,Velma F Thomas Early Childhood Center,ES,3625 S Hoyne Ave,Chicago,IL,60609,,,41.82776914,-87.67750501,59,Mckinley Park
609989,Victor Herbert Elementary School,ES,2131 W Monroe St,Chicago,IL,60612,50,0.928,41.87984242,-87.68031236,28,Near West Side
609944,Virgil Grissom Elementary School,ES,12810 S Escanaba Ave,Chicago,IL,60633,62,0.955,41.66245712,-87.55334334,55,Hegewisch
610518,VOISE Academy High School,HS,231 N Pine Ave,Chicago,IL,60644,42,0.845,41.88520477,-87.76321191,25,Austin
610363,Walt Disney Magnet Elementary School,ES,4140 N Marine Dr,Chicago,IL,60613,,0.964,41.95680712,-87.6461175,3,Uptown
610095,Walter L Newberry Math & Science Academy Elementary School,ES,700 W Willow St,Chicago,IL,60614,71,0.951,41.91397435,-87.64601501,7,Lincoln Park
609680,Walter Payton College Preparatory High School,HS,1034 N Wells St,Chicago,IL,60610,98,0.934,41.90155157,-87.63453744,8,Near North Side
609955,Walter Q Gresham Elementary School,ES,8524 S Green St,Chicago,IL,60620,25,0.955,41.73891334,-87.64506169,71,Auburn Gresham
610264,Walter Reed Elementary School,ES,6350 S Stewart Ave,Chicago,IL,60621,29,0.924,41.77839545,-87.63515406,68,Englewood
609855,Walter S Christopher Elementary School,ES,5042 S Artesian Ave,Chicago,IL,60632,,0.861,41.8016744,-87.68564411,63,Gage Park
610179,Washington D Smyser Elementary School,ES,4310 N Melvina Ave,Chicago,IL,60634,55,0.955,41.95889037,-87.78201198,15,Portage Park
610121,Washington Irving Elementary School,ES,749 S Oakley Blvd,Chicago,IL,60612,43,0.956,41.87161238,-87.68357939,28,Near West Side
609740,Wells Community Academy High School,HS,936 N Ashland Ave,Chicago,IL,60622,51,0.741,41.89900506,-87.66751989,24,West Town
610032,Wendell E Green Elementary School,ES,1150 W 96th St,Chicago,IL,60643,32,0.939,41.71931953,-87.65248591,73,Washington Heights
609727,Wendell Phillips Academy High School,HS,244 E Pershing Rd,Chicago,IL,60653,,0.63,41.82390751,-87.61978794,35,Douglas
609978,Wendell Smith Elementary School,ES,744 E 103rd St,Chicago,IL,60628,22,0.921,41.70758462,-87.60468711,50,Pullman
610100,West Park Elementary Academy,ES,1425 N Tripp Ave,Chicago,IL,60651,29,0.937,41.90691024,-87.73240646,23,Humboldt Park
610224,West Pullman Elementary School,ES,11941 S Parnell Ave,Chicago,IL,60628,23,0.912,41.67666008,-87.63570683,53,West Pullman
610542,West Ridge Elementary School,ES,6700 N Whipple St,Chicago,IL,60645,67,0.949,42.00299575,-87.70595357,2,West Ridge
609755,Whitney M Young Magnet High School,HS,211 S Laflin St,Chicago,IL,60607,95,0.946,41.87859028,-87.66419634,28,Near West Side
610230,Wildwood Elementary School,ES,6950 N Hiawatha Ave,Chicago,IL,60646,99,0.962,42.00747007,-87.77837089,12,Forest Glen
610251,Willa Cather Elementary School,ES,2908 W Washington Blvd,Chicago,IL,60612,69,0.949,41.882977,-87.69922315,27,East Garfield Park
610299,William A Hinton Elementary School,ES,644 W 71st St,Chicago,IL,60621,18,0.917,41.76536255,-87.6413274,68,Englewood
610109,William Bishop Owen Scholastic Academy Elementary School,ES,8247 S Christiana Ave,Chicago,IL,60652,49,0.969,41.74287191,-87.70571301,70,Ashburn
610101,William B Ogden Elementary School,ES,24 W Walton St,Chicago,IL,60610,,0.951,41.90003152,-87.62928901,8,Near North Side
609945,William C Goudy Elementary School,ES,5120 N Winthrop Ave,Chicago,IL,60640,70,0.961,41.97581137,-87.65794915,3,Uptown
610143,William C Reavis Math & Science Specialty Elementary School,ES,834 E 50th St,Chicago,IL,60615,48,0.935,41.80420101,-87.6049443,39,Kenwood
610364,William E B Dubois Elementary School,ES,330 E 133rd St,Chicago,IL,60827,47,0.933,41.65376037,-87.61434156,54,Riverdale
609884,William E Dever Elementary School,ES,3436 N Osceola Ave,Chicago,IL,60634,67,0.955,41.94254335,-87.813168,17,Dunning
609967,William F Finkl Elementary School,ES,2332 S Western Ave,Chicago,IL,60608,56,0.952,41.84919885,-87.68570412,31,Lower West Side
609994,William G Hibbard Elementary School,ES,3244 W Ainslie St,Chicago,IL,60625,,0.965,41.97036267,-87.71036214,14,Albany Park
609812,William H Brown Elementary School,ES,54 N Hermitage Ave,Chicago,IL,60612,36,0.928,41.88298698,-87.67071879,28,Near West Side
610023,William H King Elementary School,ES,740 S Campbell Ave,Chicago,IL,60612,47,0.924,41.87186209,-87.68875632,28,Near West Side
609734,William Howard Taft High School,HS,6530 W Bryn Mawr Ave,Chicago,IL,60631,61,0.891,41.98298852,-87.7915383,10,Norwood Park
610136,William H Prescott Elementary School,ES,1632 W Wrightwood Ave,Chicago,IL,60614,90,0.935,41.92886824,-87.66955245,7,Lincoln Park
610142,William H Ray Elementary School,ES,5631 S Kimbark Ave,Chicago,IL,60637,69,0.951,41.79234967,-87.59471544,41,Hyde Park
610153,William H Ryder Math & Science Specialty Elementary School,ES,8716 S Wallace St,Chicago,IL,60620,34,0.93,41.73536767,-87.63887904,71,Auburn Gresham
610167,William H Seward Communication Arts Academy Elementary School,ES,4600 S Hermitage Ave,Chicago,IL,60609,40,0.957,41.81029632,-87.66880778,61,New City
609698,William J Bogan High School,HS,3939 W 79th St,Chicago,IL,60652,20,0.752,41.74934817,-87.72109673,70,Ashburn
610061,William J & Charles H Mayo Elementary School,ES,249 E 37th St,Chicago,IL,60653,52,0.953,41.82732778,-87.61978251,35,Douglas
610104,William J Onahan Elementary School,ES,6634 W Raven St,Chicago,IL,60631,64,0.957,41.99381787,-87.79308113,10,Norwood Park
609678,William Jones College Preparatory High School,HS,606 S State St,Chicago,IL,60605,92,0.938,41.87441898,-87.62775497,32,Loop
610193,William K New Sullivan Elementary School,ES,8331 S Mackinaw,Chicago,IL,60617,27,0.903,41.7438302,-87.542891,46,South Chicago
610123,William Penn Elementary School,ES,1616 S Avers Ave,Chicago,IL,60623,78,0.918,41.85836995,-87.72133609,29,North Lawndale
609949,William P Gray Elementary School,ES,3730 N Laramie Ave,Chicago,IL,60641,57,0.956,41.94878107,-87.75715297,15,Portage Park
610097,William P Nixon Elementary School,ES,2121 N Keeler Ave,Chicago,IL,60639,52,0.956,41.91959342,-87.73138368,20,Hermosa
609711,William Rainey Harper High School,HS,6520 S Wood St,Chicago,IL,60636,22,0.73,41.77511222,-87.66912563,67,West Englewood
610232,Williams Multiplex Elementary School,ES,2710 S Dearborn St,Chicago,IL,60616,,0.916,41.84403809,-87.62859008,35,Douglas
610336,Williams Preparatory Academy Middle School,MS,2710 S Dearborn St,Chicago,IL,60616,49,0.933,41.84403809,-87.62859008,35,Douglas
610172,William T Sherman Elementary School,ES,1000 W 52nd St,Chicago,IL,60609,32,0.923,41.79978772,-87.65025483,61,New City
609844,William W Carter Elementary School,ES,5740 S Michigan Ave,Chicago,IL,60637,13,0.912,41.78984129,-87.62248974,40,Washington Park
610088,Wolfgang A Mozart Elementary School,ES,2200 N Hamlin Ave,Chicago,IL,60647,41,0.952,41.92092734,-87.72192541,22,Logan Square
609977,Woodlawn Community Elementary School,ES,6657 S Kimbark Ave,Chicago,IL,60637,70,0.939,41.77339962,-87.59435584,42,Woodlawn
610392,World Language Academy High School,HS,3120 S Kostner Ave,Chicago,IL,60623,51,0.916,41.83601953,-87.73419465,30,South Lawndale
